{
	"file_path": "C:\\Users\\samze\\AppData\\Local\\Packages\\Microsoft.MinecraftUWP_8wekyb3d8bbwe\\LocalState\\games\\com.mojang\\development_behavior_packs\\Hardcore\\functions\\tick.json",
	"file_type": "function_tick",
	"format_version": 1,
	"file_uuid": "4c5518ed_4037_463c_a632_f4edb0d8adb1",
	"file_version": 0,
	"cache_content": {
		"children": [
			{
				"open": {
					"values": [
						"ticking"
					]
				},
				"key": "values",
				"is_minified": true,
				"children": [
					"ticking"
				]
			}
		]
	}
}